<?xml version="1.0" encoding="UTF-8"?>
<beans>
	<!-- Spring Aop 1.0版本配置文件 -->
	<!-- 切面 -->
	<bean id = "aspect_1" class = "test_aop1.Aspect_1"></bean>
	<bean id = "aspect_2" class = "test_aop1.Aspect_2"></bean>
	<!-- 实体类 -->
	<bean id = "target" class = "test_aop1.Target_impl">
		<property name = "info" value = "我是Spring IOC 1.0注入"></property>
	</bean>
	<!-- JDK接口动态代理 -->
	<bean id = "targetProxy" class = "frame.ProxyFactory">
		<property name = "proxyInterfaces" value = "test_aop1.Interface_"></property>
		<property name = "target" ref = "target"></property>
		<property name = "interceptorNames">
			<list>
				<value>aspect_1</value>
				<value>aspect_2</value>
			</list>
		</property>
	</bean>
	

	<!-- Srping Aop 2.0版本配置文件 -->
	<!-- 切面 -->
	<bean id = "aspect_3" class = "test_aop2.Aspect_3"></bean>
	<bean id = "aspect_4" class = "test_aop2.Aspect_4"></bean>
	<!-- 实体 -->
	<bean id = "case" class = "test_aop2.Target_">
		<property name = "info" value = "我是Spring IOC 2.0注入"></property>
	</bean>
	<!-- cglib代理 --><!-- 自定表达式取缔execution --><!-- 如【* test.*.* (*)】 -->
	<aop:config>
		<aop:pointcut id = "test_cut1" expression = "* test_aop2.*.* (*)"></aop:pointcut>
		<aop:pointcut id = "test_cut2" expression = "* test_aop2.Target_1.proxy (*)"></aop:pointcut>
		
		<aop:aspect id = "test_aspect1" ref = "aspect_3"></aop:aspect>
		<aop:aspect id = "test_aspect2" ref = "aspect_4"></aop:aspect>
		
		<aop:before pointcut-ref = "test_cut1" method = "before"></aop:before>
		<aop:after pointcut-ref = "test_cut1" method = "after"></aop:after>
		
		<aop:around pointcut-ref = "test_cut2" method = "before"></aop:around>
	</aop:config>
</beans>
